Time,x_dot [EE frame],y_dot [EE frame],z_dot [EE frame],roll_dot [EE frame],pitch_dot [EE frame],yaw_dot [EE frame]
0.0,0.00051836229788,-0.00954288642902,-0.001595259399,0.00908069422151,0.00490704704161,-0.0284682120634
0.0080248693451327423,0.000356146950643,-0.00789044127172,-0.00211896912174,0.00662298592312,0.00652773431311,-0.0290851682138
0.016049738690265485,0.000199686539987,-0.00626414744138,-0.00263081275744,0.00423323392063,0.00811464984073,-0.0296794709354
0.024074608035398227,4.88814460508e-05,-0.00466372544195,-0.00313091846784,0.00191061340344,0.00966817583489,-0.0302514032662
0.032099477380530969,-9.63670886163e-05,-0.00308889764433,-0.00361941361902,-0.000345694866553,0.011188691998,-0.0308012463861
0.040124346725663715,-0.000236156962173,-0.00153938828057,-0.00409642478371,-0.00253650457231,0.0126765755318,-0.0313292796227
0.048149216070796454,-0.000370585216596,-1.4923438114e-05,-0.00456207774364,-0.00466262385892,0.0141322011455,-0.0318357804566
0.056174085415929192,-0.000499748040792,0.00148476894601,-0.00501649749187,-0.00672485535093,0.0155559410626,-0.032321024527
0.064198954761061938,-0.000623740773711,0.00295995909096,-0.00545980823511,-0.00872399616963,0.0169481650289,-0.0327852856368
0.072223824106194684,-0.000742657907458,0.00441091537787,-0.00589213339607,-0.0106608379504,0.0183092403199,-0.0332288357586
0.08024869345132743,-0.000856593090407,0.00583790435566,-0.00631359561575,-0.01253616686,0.0196395317486,-0.0336519450395
0.088273562796460162,-0.00096563913031,0.00724119074679,-0.00672431675585,-0.0143507636139,0.0209394016727,-0.0340548818073
0.096298432141592907,-0.00106988799741,0.00862103745305,-0.00712441790102,-0.0161054034936,0.0222092100023,-0.0344379125751
0.10432330148672565,-0.00116943082756,0.00997770556136,-0.00751401936123,-0.0178008563637,0.0234493142078,-0.0348013020477
0.11234817083185838,-0.00126435792533,0.0113114543496,-0.00789324067412,-0.0194378866897,0.0246600693267,-0.0351453131261
0.12037304017699113,-0.00135475876711,0.0126225412922,-0.00826220060727,-0.0210172535549,0.0258418279719,-0.0354702069138
0.12839790952212388,-0.00144072200424,0.0139112220662,-0.00862101716061,-0.0225397106778,0.0269949403389,-0.0357762427215
0.13642277886725662,-0.00152233546611,0.015177750557,-0.00896980756869,-0.0240060064296,0.0281197542135,-0.0360636780731
0.14444764821238937,-0.00159968616328,0.0164223788638,-0.00930868830303,-0.0254168838511,0.0292166149792,-0.0363327687112
0.15247251755752211,-0.00167286029058,0.0176453573059,-0.00963777507448,-0.0267730806706,0.0302858656247,-0.0365837686018
0.16049738690265486,-0.00174194323025,0.018846934428,-0.00995718283551,-0.0280753293207,0.031327846752,-0.0368169299408
0.16852225624778758,-0.00180701955501,0.0200273570064,-0.0102670257826,-0.0293243569557,0.0323428965832,-0.0370325031586
0.17654712559292032,-0.00186817303122,0.0211868700545,-0.0105674173584,-0.0305208854692,0.0333313509685,-0.037230736926
0.18457199493805307,-0.00192548662193,0.0223257168287,-0.0108584702543,-0.0316656315111,0.0342935433939,-0.0374118781595
0.19259686428318581,-0.00197904249008,0.0234441388342,-0.0111402964127,-0.0327593065049,0.0352298049882,-0.0375761720268
0.20062173362831856,-0.00202892200152,0.0245423758308,-0.0114130070293,-0.0338026166654,0.0361404645311,-0.0377238619524
0.20864660297345131,-0.0020752057282,0.0256206658384,-0.0116767125552,-0.0347962630156,0.0370258484606,-0.0378551896225
0.21667147231858405,-0.00211797345121,0.0266792451435,-0.0119315226997,-0.0357409414041,0.0378862808804,-0.0379703949914
0.22469634166371677,-0.00215730416396,0.027718348304,-0.0121775464323,-0.0366373425225,0.0387220835677,-0.0380697162858
0.23272121100884952,-0.00219327607525,0.0287382081559,-0.0124148919851,-0.0374861519228,0.0395335759804,-0.0381533900114
0.24074608035398226,-0.00222596661239,0.0297390558184,-0.0126436668553,-0.0382880500342,0.0403210752652,-0.0382216509574
0.24877094969911501,-0.00225545242433,0.0307211207003,-0.0128639778072,-0.0390437121813,0.0410848962645,-0.0382747322026
0.25679581904424775,-0.00228180938475,0.0316846305051,-0.0130759308748,-0.0397538086005,0.0418253515248,-0.0383128651206
0.2648206883893805,-0.00230511259517,0.0326298112375,-0.0132796313641,-0.0404190044578,0.0425427513032,-0.0383362793851
0.27284555773451324,-0.00232543638811,0.0335568872084,-0.0134751838552,-0.0410399598663,0.043237403576,-0.0383452029756
0.28087042707964599,-0.00234285433012,0.0344660810417,-0.013662692205,-0.0416173299027,0.0439096140456,-0.038339862183
0.28889529642477874,-0.00235743922498,0.0353576136789,-0.0138422595494,-0.0421517646257,0.0445596861481,-0.0383204816144
0.29692016576991148,-0.00236926311673,0.036231704386,-0.0140139883052,-0.0426439090923,0.0451879210613,-0.0382872841993
0.30494503511504423,-0.00237839729286,0.0370885707585,-0.0141779801733,-0.0430944033758,0.0457946177118,-0.0382404911946
0.31296990446017697,-0.00238491228736,0.0379284287275,-0.0143343361401,-0.0435038825828,0.0463800727827,-0.0381803221903
0.32099477380530972,-0.00238887788387,0.0387514925655,-0.0144831564807,-0.0438729768706,0.0469445807212,-0.0381069951148
0.32901964315044241,-0.00239036311878,0.0395579748921,-0.0146245407604,-0.0442023114645,0.0474884337463,-0.0380207262402
0.33704451249557515,-0.00238943628433,0.04034808668,-0.0147585878377,-0.0444925066749,0.0480119218559,-0.0379217301882
0.3450693818407079,-0.00238616493176,0.0411220372602,-0.0148853958662,-0.0447441779152,0.048515332835,-0.0378102199352
0.35309425118584065,-0.00238061587437,0.0418800343287,-0.0150050622972,-0.0449579357183,0.0489989522627,-0.0376864068178
0.36111912053097339,-0.00237285519067,0.0426222839515,-0.015117683882,-0.0451343857546,0.04946306352,-0.0375505005385
0.36914398987610614,-0.00236294822748,0.0433489905706,-0.0152233566739,-0.045274128849,0.0499079477974,-0.0374027091706
0.37716885922123888,-0.00235095960306,0.04406035701,-0.0153221760311,-0.0453777609981,0.0503338841024,-0.0372432391643
0.38519372856637163,-0.00233695321018,0.0447565844814,-0.0154142366185,-0.0454458733878,0.0507411492669,-0.0370722953518
0.39321859791150438,-0.00232099221927,0.0454378725899,-0.0154996324103,-0.0454790524104,0.0511300179551,-0.0368900809528
0.40124346725663712,-0.00230313908153,0.0461044193395,-0.0155784566925,-0.045477879682,0.0515007626709,-0.03669679758
0.40926833660176987,-0.00228345553201,0.0467564211398,-0.0156508020647,-0.0454429320598,0.0518536537652,-0.0364926452445
0.41729320594690261,-0.00226200259278,0.0473940728106,-0.0157167604428,-0.0453747816594,0.0521889594439,-0.0362778223612
0.42531807529203536,-0.00223884057599,0.0480175675886,-0.0157764230616,-0.045273995872,0.0525069457752,-0.0360525257544
0.4333429446371681,-0.00221402908698,0.0486270971327,-0.0158298804765,-0.0451411373819,0.0528078766972,-0.0358169506632
0.44136781398230085,-0.00218762702744,0.0492228515302,-0.0158772225662,-0.0449767641838,0.0530920140255,-0.035571290747
0.44939268332743354,-0.00215969259849,0.0498050193021,-0.0159185385351,-0.0447814295999,0.0533596174605,-0.0353157380906
0.45741755267256629,-0.0021302833038,0.0503737874092,-0.0159539169153,-0.0445556822974,0.0536109445955,-0.0350504832103
0.46544242201769903,-0.00209945595268,0.0509293412577,-0.0159834455694,-0.0443000663057,0.0538462509239,-0.0347757150589
0.47346729136283178,-0.00206726666324,0.0514718647052,-0.0160072116923,-0.044015121034,0.0540657898466,-0.0344916210309
0.48149216070796452,-0.00203377086546,0.0520015400664,-0.0160253018141,-0.043701381288,0.0542698126799,-0.0341983869689
0.48951703005309727,-0.0019990233043,0.0525185481189,-0.0160378018018,-0.0433593772879,0.0544585686629,-0.0338961971679
0.49754189939823001,-0.00196307804286,0.0530230681087,-0.0160447968623,-0.0429896346851,0.0546323049652,-0.0335852343817
0.50556676874336282,-0.00192598846545,0.0535152777565,-0.0160463715442,-0.0425926745802,0.0547912666941,-0.0332656798277
0.51359163808849551,-0.0018878072807,0.0539953532631,-0.0160426097403,-0.0421690135396,0.0549356969026,-0.0329377131928
0.5216165074336282,-0.00184858652471,0.0544634693154,-0.0160335946902,-0.0417191636131,0.0550658365967,-0.0326015126385
0.529641376778761,-0.00180837756411,0.054919799092,-0.016019408982,-0.0412436323515,0.0551819247429,-0.0322572548066
0.53766624612389369,-0.00176723109923,0.0553645142692,-0.0160001345555,-0.0407429228234,0.0552841982761,-0.0319051148246
0.54569111546902649,-0.00172519716716,0.0557977850264,-0.0159758527037,-0.0402175336329,0.0553728921068,-0.0315452663111
0.55371598481415918,-0.00168232514491,0.0562197800525,-0.0159466440755,-0.0396679589366,0.0554482391287,-0.0311778813813
0.56174085415929198,-0.00163866375246,0.056630666551,-0.0159125886784,-0.0390946884612,0.0555104702265,-0.0308031306523
0.56976572350442467,-0.00159426105595,0.0570306102465,-0.0158737658799,-0.0384982075208,0.0555598142834,-0.0304211832488
0.57779059284955747,-0.00154916447072,0.0574197753899,-0.0158302544109,-0.0378789970338,0.0555964981883,-0.0300322068086
0.58581546219469016,-0.00150342076449,0.0577983247643,-0.0157821323671,-0.0372375335407,0.0556207468438,-0.0296363674875
0.59384033153982296,-0.0014570760604,0.0581664196911,-0.015729477212,-0.0365742892212,0.0556327831736,-0.0292338299654
0.60186520088495565,-0.00141017584017,0.0585242200354,-0.015672365779,-0.0358897319115,0.0556328281299,-0.0288247574515
0.60989007023008845,-0.00136276494723,0.058871884212,-0.0156108742734,-0.0351843251215,0.0556211007014,-0.0284093116898
0.61791493957522114,-0.00131488758977,0.0592095691913,-0.0155450782754,-0.0344585280524,0.0555978179203,-0.0279876529642
0.62593980892035395,-0.00126658734389,0.0595374305048,-0.015475052742,-0.0337127956139,0.0555631948701,-0.0275599401045
0.63396467826548664,-0.00121790715672,0.0598556222509,-0.0154008720092,-0.0329475784414,0.0555174446935,-0.0271263304917
0.64198954761061944,-0.00116888934953,0.060164297101,-0.0153226097948,-0.0321633229131,0.0554607785992,-0.0266869800631
0.65001441695575213,-0.00111957562081,0.060463606305,-0.0152403392003,-0.0313604711681,0.0553934058703,-0.0262420433182
0.65803928630088482,-0.00107000704942,0.0607536996972,-0.0151541327134,-0.0305394611228,0.0553155338712,-0.0257916733239
0.66606415564601762,-0.00102022409768,0.061034725702,-0.0150640622104,-0.0297007264887,0.0552273680556,-0.02533602172
0.67408902499115031,-0.0009702666145,0.0613068313398,-0.0149701989585,-0.0288446967897,0.0551291119737,-0.0248752387247
0.68211389433628311,-0.000920173838478,0.0615701622329,-0.014872613618,-0.0279717973792,0.0550209672802,-0.0244094731401
0.6901387636814158,-0.000869984401017,0.0618248626107,-0.0147713762448,-0.0270824494575,0.0549031337412,-0.0239388723574
0.6981636330265486,-0.000819736329435,0.0620710753163,-0.0146665562926,-0.0261770700894,0.0547758092425,-0.0234635823628
0.70618850237168129,-0.000769467050084,0.0623089418117,-0.0145582226154,-0.0252560722209,0.0546391897966,-0.0229837477424
0.71421337171681409,-0.000719213391456,0.0625386021838,-0.0144464434695,-0.0243198646972,0.0544934695508,-0.0224995116881
0.72223824106194678,-0.000669011587297,0.0627601951503,-0.0143312865163,-0.0233688522793,0.0543388407939,-0.0220110160029
0.73026311040707959,-0.000618897279719,0.0629738580651,-0.0142128188243,-0.022403435662,0.0541754939648,-0.0215184011063
0.73828797975221228,-0.000568905522317,0.0631797269246,-0.0140911068715,-0.0214240114908,0.0540036176593,-0.0210218060397
0.74631284909734508,-0.000519070783272,0.063377936373,-0.0139662165477,-0.0204309723792,0.053823398638,-0.0205213684722
0.75433771844247777,-0.000469426948473,0.0635686197086,-0.0138382131569,-0.0194247069262,0.0536350218336,-0.0200172247055
0.76236258778761057,-0.000420007324623,0.0637519088889,-0.0137071614197,-0.0184055997335,0.0534386703588,-0.01950950968
0.77038745713274326,-0.000370844642354,0.0639279345371,-0.0135731254756,-0.0173740314228,0.0532345255136,-0.0189983569796
0.77841232647787595,-0.000321971059338,0.0640968259474,-0.0134361688849,-0.0163303786532,0.0530227667931,-0.0184838988376
0.78643719582300875,-0.000273418163402,0.064258711091,-0.0132963546319,-0.0152750141384,0.0528035718947,-0.0179662661421
0.79446206516814144,-0.000225216975636,0.064413716622,-0.0131537451265,-0.014208306664,0.0525771167259,-0.0174455884412
0.80248693451327424,-0.000177397953508,0.0645619678827,-0.0130084022067,-0.0131306211051,0.0523435754119,-0.0169219939486
0.81051180385840693,-0.000129990993979,0.0647035889101,-0.0128603871411,-0.0120423184431,0.0521031203031,-0.0163956095494
0.81853667320353973,-8.30254366088e-05,0.0648387024409,-0.0127097606311,-0.0109437557834,0.0518559219826,-0.0158665608049
0.82656154254867242,-3.65300666736e-05,0.064967429918,-0.0125565828133,-0.00983528637267,0.0516021492737,-0.0153349719584
0.83458641189380522,9.46688172334e-06,0.0650898914958,-0.0124009132619,-0.00871725961598,0.0513419692477,-0.0148009659408
0.84261128123893791,5.49377225396e-05,0.0652062060462,-0.0122428109907,-0.00759002109428,0.0510755472313,-0.0142646643759
0.85063615058407072,9.98553146811e-05,0.0653164911644,-0.0120823344558,-0.00645391258161,0.050803046814,-0.0137261875856
0.85866101992920341,0.000144193058889,0.0654208631746,-0.0119195415578,-0.00530927206247,0.0505246298561,-0.0131856545958
0.86668588927433621,0.00018792489463,0.0655194371358,-0.011754489644,-0.00415643374911,0.0502404564959,-0.0126431831416
0.8747107586194689,0.000231025296978,0.0656123268476,-0.0115872355111,-0.00299572809881,0.0499506851572,-0.0120988896728
0.8827356279646017,0.000273469273511,0.0656996448559,-0.011417835407,-0.00182748183126,0.0496554725572,-0.0115528893593
0.89076049730973439,0.00031523236119,0.0657815024591,-0.0112463450336,-0.000652017945784,0.0493549737138,-0.0110052960967
0.89878536665486708,0.000356290623252,0.0658580097131,-0.011072819549,0.00053034426128,0.0490493419532,-0.0104562225116
0.90681023599999988,0.000396620646094,0.065929275438,-0.0108973135696,0.00171928917931,0.0487387289175,-0.00990577996718
0.91483510534513257,0.000436199536164,0.065995407223,-0.0107198811726,0.00291450486607,0.0484232845724,-0.00935407856842
0.92285997469026537,0.000475004916848,0.066056511433,-0.0105405758987,0.00411568303041,0.0481031572144,-0.00880122716789
0.93088484403539806,0.000513014925355,0.0661126932138,-0.0103594507537,0.00532251901496,0.0477784934786,-0.00824733337096
0.93890971338053086,0.000550208209608,0.0661640564981,-0.0101765582113,0.00653471177882,0.0474494383463,-0.00769250354134
0.94693458272566355,0.00058656392513,0.0662107040114,-0.00999195021537,0.00775196388021,0.0471161351525,-0.00713684280651
0.95495945207079636,0.000622061731931,0.0662527372775,-0.00980567818236,0.00897398145924,0.0467787255933,-0.00658045506319
0.96298432141592905,0.000656681791397,0.0662902566246,-0.00961779300339,0.0102004742205,0.0464373497338,-0.00602344298278
0.97100919076106185,0.000690404763179,0.0663233611909,-0.00942834504674,0.0114311554159,0.0460921460153,-0.0054659080168
0.97903406010619454,0.000723211802076,0.0663521489303,-0.00923738416018,0.0126657418271,0.045743251263,-0.00490795040239
0.98705892945132734,0.000755084554927,0.0663767166185,-0.00904495967328,0.0139039537486,0.0453908006938,-0.00434966916773
0.99508379879646003,0.000786005157497,0.0663971598585,-0.00885112039972,0.01514551497,0.0450349279234,-0.00379116213746
1.0031086681415928,0.000815956231366,0.0664135730865,-0.00865591463966,0.0163901527589,0.0446757649742,-0.00323252593821
1.0111335374867256,0.000844920880815,0.0664260495776,-0.00845939018205,0.0176375978436,0.0443134422827,-0.002673856004
1.0191584068318582,0.000872882689712,0.0664346814517,-0.00826159430696,0.018887584396,0.0439480887072,-0.00211524658169
1.027183276176991,0.000899825718405,0.0664395596793,-0.00806257378794,0.0201398500136,0.0435798315353,-0.00155679073648
1.0352081455221238,0.000925734500606,0.0664407740873,-0.0078623748943,0.021394135703,0.0432087964913,-0.000998580357303
1.0432330148672564,0.000950594040277,0.0664384133644,-0.0076610433935,0.0226501858621,0.0428351077439,-0.000440706162317
1.0512578842123892,0.000974389808522,0.0664325650675,-0.00745862455342,0.023907748263,0.0424588879139,0.000116742295649
1.059282753557522,0.000997107740472,0.0664233156271,-0.00725516314476,0.0251665740345,0.0420802580814,0.000673676623649
1.0673076229026548,0.00101873423217,0.0664107503532,-0.0070507034433,0.026426417645,0.0416993377938,0.00123000958316
1.0753324922477874,0.00103925613748,0.0663949534409,-0.00684528923231,0.027687036885,0.041316245073,0.00178565508464
1.0833573615929202,0.00105866076492,0.0663760079766,-0.0066389638048,0.0289481928502,0.040931096423,0.00234052818206
1.091382230938053,0.00107693587462,0.0663539959432,-0.00643176996591,0.0302096499233,0.0405440068377,0.00289454506745
1.0994071002831858,0.00109406967516,0.0663289982267,-0.00622375003523,0.0314711757579,0.0401550898082,0.00344762306546
1.1074319696283184,0.00111005082048,0.066301094621,-0.0060149458491,0.0327325412601,0.0397644573307,0.00399968062792
1.1154568389734512,0.00112486840676,0.0662703638344,-0.005805398763,0.0339935205718,0.0393722199133,0.00455063732835
1.123481708318584,0.0011385119693,0.0662368834954,-0.00559514965381,0.0352538910533,0.0389784865847,0.00510041385651
1.1315065776637168,0.00115097147944,0.0662007301578,-0.00538423892222,0.0365134332658,0.0385833649007,0.00564893201298
1.1395314470088493,0.00116223734139,0.0661619793074,-0.00517270649498,0.0377719309544,0.0381869609524,0.00619611470369
1.1475563163539821,0.00117230038917,0.066120705367,-0.00496059182731,0.0390291710304,0.0377893793736,0.00674188593446
1.1555811856991149,0.0011811518835,0.0660769817027,-0.00474793390517,0.0402849435543,0.037390723348,0.00728617080556
1.1636060550442475,0.00118878350862,0.0660308806295,-0.00453477124763,0.0415390417184,0.0369910946175,0.00782889550623
1.1716309243893803,0.00119518736928,0.065982473417,-0.00432114190917,0.0427912618295,0.036590593489,0.00836998730927
1.1796557937345131,0.00120035598752,0.0659318302953,-0.00410708348205,0.0440414032915,0.0361893188425,0.00890937456554
1.1876806630796459,0.00120428229964,0.065879020461,-0.00389263309862,0.0452892685882,0.0357873681384,0.00944698669855
1.1957055324247785,0.00120695965306,0.0658241120823,-0.00367782743363,0.0465346632659,0.0353848374251,0.00998275419897
1.2037304017699113,0.0012083818032,0.0657671723057,-0.00346270270662,0.0477773959162,0.0349818213465,0.0105166086192
1.2117552711150441,0.00120854291036,0.0657082672611,-0.00324729468418,0.0490172781586,0.0345784131498,0.0110484825679
1.2197801404601769,0.00120743753663,0.0656474620677,-0.00303163868235,0.0502541246233,0.0341747046926,0.0115783097047
1.2278050098053095,0.00120506064278,0.0655848208401,-0.0028157695689,0.0514877529336,0.0337707864511,0.0121060247342
1.2358298791504423,0.00120140758513,0.0655204066939,-0.00259972176567,0.0527179836889,0.0333667475271,0.0126315634014
1.2438547484955751,0.00119647411243,0.0654542817513,-0.00238352925096,0.0539446404475,0.0329626756558,0.0131548624854
1.2518796178407079,0.00119025636278,0.0653865071471,-0.00216722556176,0.0551675497088,0.0325586572134,0.0136758597944
1.2599044871858405,0.00118275086048,0.0653171430346,-0.00195084379616,0.0563865408964,0.0321547772243,0.0141944941603
1.2679293565309733,0.00117395451296,0.0652462485911,-0.00173441661567,0.0576014463406,0.0317511193694,0.0147107054329
1.2759542258761061,0.00116386460762,0.0651738820237,-0.00151797624753,0.0588121012611,0.0313477659927,0.0152244344748
1.2839790952212389,0.00115247880877,0.0651001005755,-0.00130155448704,0.06001834375,0.0309447981099,0.0157356231557
1.2920039645663715,0.00113979515446,0.0650249605308,-0.00108518269991,0.061220014754,0.030542295415,0.016244214347
1.3000288339115043,0.00112581205343,0.0649485172213,-0.000868891824593,0.0624169580573,0.0301403362884,0.0167501519165
1.3080537032566371,0.00111052828192,0.0648708250318,-0.000652712374602,0.0636090202644,0.0297389978043,0.0172533807228
1.3160785726017696,0.00109394298066,0.0647919374059,-0.000436674440848,0.0647960507827,0.0293383557385,0.0177538466098
1.3241034419469024,0.00107605565165,0.0647119068518,-0.000220807693972,0.0659779018052,0.0289384845755,0.0182514964015
1.3321283112920352,0.00105686615513,0.0646307849481,-5.14138667547e-06,0.0671544282932,0.0285394575165,0.0187462778962
1.340153180637168,0.00103637470642,0.0645486223498,0.000210295643945,0.0683254879588,0.0281413464866,0.0192381398612
1.3481780499823006,0.00101458187282,0.0644654687937,0.000425474974071,0.0694909412479,0.0277442221426,0.0197270320276
1.3562029193274334,0.000991488570527,0.0643813731043,0.000640368590824,0.0706506513229,0.0273481538807,0.0202129050845
1.3642277886725662,0.000967096061467,0.0642963831999,0.00085494888994,0.0718044840449,0.0269532098435,0.0206957106735
1.372252658017699,0.000941405950227,0.064210546098,0.00106918867343,0.072952307957,0.0265594569281,0.0211754013836
1.3802775273628316,0.000914420180926,0.0641239079214,0.00128306114727,0.0740939942667,0.0261669607935,0.0216519307455
1.3883023967079644,0.000886141034106,0.0640365139035,0.00149653991903,0.0752294168284,0.0257757858681,0.0221252532262
1.3963272660530972,0.000856571123615,0.0639484083947,0.00170959899559,0.0763584521265,0.0253859953571,0.0225953242236
1.40435213539823,0.000825713393502,0.0638596348678,0.00192221278075,0.0774809792579,0.0249976512506,0.0230621000609
1.4123770047433626,0.000793571114899,0.0637702359239,0.00213435607297,0.0785968799146,0.0246108143305,0.0235255379814
1.4204018740884954,0.00076014788291,0.0636802532981,0.00234600406297,0.0797060383665,0.0242255441785,0.0239855961426
1.4284267434336282,0.000725447613501,0.0635897278654,0.00255713233144,0.0808083414441,0.0238418991834,0.0244422336114
1.4364516127787608,0.000689474540383,0.0634986996465,0.00276771684672,0.081903678521,0.023459936549,0.0248954103581
1.4444764821238936,0.000652233211905,0.0634072078134,0.00297773396239,0.0829919414969,0.0230797123013,0.025345087251
1.4525013514690264,0.000613728487938,0.0633152906955,0.00318716041505,0.0840730247801,0.0227012812962,0.0257912260513
1.4605262208141592,0.000573965536765,0.063222985785,0.0033959733219,0.0851468252703,0.022324697227,0.0262337894074
1.4685510901592917,0.000532949831965,0.0631303297429,0.00360415017845,0.086213242341,0.0219500126322,0.0266727408494
1.4765759595044246,0.000490687149307,0.0630373584049,0.00381166885618,0.0872721778226,0.0215772789027,0.0271080447837
1.4846008288495574,0.00044718356363,0.0629441067871,0.0040185076002,0.0883235359849,0.0212065462896,0.0275396664876
1.4926256981946902,0.000402445445736,0.0628506090914,0.00422464502693,0.0893672235195,0.0208378639117,0.0279675721039
1.5006505675398227,0.000356479459277,0.0627568987121,0.00443006012176,0.0904031495232,0.020471279763,0.0283917286352
1.5086754368849555,0.000309292557641,0.0626630082409,0.00463473223674,0.0914312254799,0.0201068407205,0.0288121039387
1.5167003062300883,0.000260891980839,0.062568969473,0.00483864108819,0.0924513652438,0.0197445925512,0.0292286667207
1.5247251755752211,0.000211285252398,0.0624748134131,0.00504176675445,0.0934634850221,0.0193845799205,0.029641386531
1.5327500449203537,0.000160480176241,0.0623805702807,0.00524408967349,0.0944675033572,0.019026846399,0.0300502337575
1.5407749142654865,0.000108484833581,0.0622862695165,0.0054455906406,0.09546334111,0.0186714344702,0.0304551796211
1.5487997836106193,5.5307579804e-05,0.0621919397875,0.00564625080603,0.0964509214423,0.0183183855387,0.0308561961695
1.5568246529557519,9.57041360431e-07,0.0620976089933,0.00584605167272,0.0974301697993,0.0179677399367,0.0312532562726
1.5648495223008847,-5.45578873494e-05,0.0620033042718,0.0060449750939,0.0984010138926,0.0176195369325,0.0316463336163
1.5728743916460175,-0.000111228047087,0.0619090520048,0.0062430032708,0.0993633836829,0.0172738147377,0.0320354026977
1.5808992609911503,-0.000169044016888,0.0618148778239,0.00644011875032,0.100317211362,0.0169306105144,0.032420438819
1.5889241303362829,-0.000227996117175,0.0617208066162,0.00663630442265,0.101262431338,0.0165899603834,0.0328014180827
1.5969489996814157,-0.000288074412868,0.0616268625304,0.00683154351901,0.102198980213,0.0162518994315,0.0331783173856
1.6049738690265485,-0.0003492687165,0.061533068982,0.00702581960927,0.103126796771,0.0159164617188,0.0335511144136
1.6129987383716813,-0.000411568591327,0.0614394486599,0.00721911659962,0.104045821958,0.0155836802865,0.0339197876362
1.6210236077168139,-0.000474963354441,0.0613460235312,0.00741141873026,0.104955998865,0.0152535871647,0.0342843163013
1.6290484770619467,-0.00053944207988,0.0612528148479,0.00760271057304,0.105857272711,0.0149262133794,0.0346446804292
1.6370733464070795,-0.000604993601747,0.0611598431522,0.00779297702917,0.106749590825,0.0146015889604,0.0350008608076
1.6450982157522123,-0.000671606517313,0.0610671282823,0.00798220332685,0.10763290263,0.0142797429491,0.035352838986
1.6531230850973448,-0.000739269190138,0.0609746893784,0.00817037501895,0.108507159623,0.0139607034054,0.0357005972703
1.6611479544424776,-0.000807969753178,0.0608825448881,0.00835747798069,0.109372315363,0.0136444974158,0.0360441187172
1.6691728237876104,-0.000877696111898,0.0607907125727,0.00854349840728,0.110228325447,0.0133311511008,0.0363833871288
1.677197693132743,-0.000948435947387,0.0606992095127,0.00872842281162,0.111075147498,0.0130206896224,0.0367183870475
1.6852225624778758,-0.00102017671947,0.0606080521135,0.00891223802196,0.111912741144,0.0127131371918,0.0370491037498
1.6932474318230086,-0.00109290566981,0.0605172561114,0.00909493117956,0.112741068004,0.0124085170769,0.0373755232417
1.7012723011681414,-0.00116660982504,0.0604268365792,0.00927648973635,0.113560091667,0.0121068516095,0.0376976322525
1.709297170513274,-0.00124127599986,0.0603368079321,0.00945690145262,0.11436977768,0.0118081621936,0.0380154182298
1.7173220398584068,-0.00131689080015,0.0602471839334,0.00963615439468,0.115170093523,0.0115124693123,0.0383288693341
1.7253469092035396,-0.0013934406261,0.0601579777006,0.00981423693253,0.1159610086,0.0112197925356,0.038637974433
1.7333717785486724,-0.00147091167529,0.0600692017105,0.00999113773751,0.116742494217,0.0109301505283,0.0389427230959
1.741396647893805,-0.00154928994584,0.0599808678059,0.01016684578,0.117514523562,0.0106435610566,0.0392431055886
1.7494215172389378,-0.00162856123948,0.0598929872006,0.010341350327,0.118277071697,0.010360040997,0.0395391128678
1.7574463865840706,-0.00170871116471,0.0598055704854,0.0105146409401,0.119030115529,0.0100796063425,0.0398307365758
1.7654712559292034,-0.00178972513987,0.0597186276343,0.0106867074726,0.119773633803,0.00980227221118,0.0401179690348
1.773496125274336,-0.00187158839628,0.0596321680097,0.0108575400677,0.120507607078,0.0095280528533,0.0404008032414
1.7815209946194688,-0.00195428598133,0.0595462003687,0.0110271291559,0.121232017713,0.00925696165889,0.0406792328617
1.7895458639646016,-0.00203780276163,0.0594607328682,0.0111954654527,0.121946849848,0.00898901116538,0.040953252225
1.7975707333097342,-0.00212212342607,0.0593757730716,0.0113625399565,0.122652089386,0.00872421306514,0.0412228563191
1.805595602654867,-0.00220723248898,0.0592913279538,0.0115283439458,0.12334772398,0.00846257821302,0.0414880407845
1.8136204719999998,-0.0022931142932,0.0592074039075,0.0116928689773,0.124033743011,0.00820411663395,0.0417488019088
1.8216453413451326,-0.00237975301324,0.0591240067486,0.0118561068834,0.124710137571,0.00794883753043,0.0420051366218
1.8296702106902651,-0.00246713265835,0.0590411417222,0.0120180497697,0.125376900451,0.00769674929017,0.0422570424893
1.8376950800353979,-0.00255523707565,0.0589588135085,0.0121786900131,0.126034026115,0.00744785949359,0.0425045177082
1.8457199493805307,-0.00264404995324,0.0588770262282,0.0123380202591,0.12668151069,0.00720217492141,0.0427475611009
1.8537448187256635,-0.00273355482332,0.0587957834487,0.0124960334195,0.127319351948,0.00695970156218,0.0429861721099
1.8617696880707961,-0.00282373506531,0.0587150881898,0.0126527226703,0.127947549282,0.00672044461987,0.0432203507921
1.8697945574159289,-0.0029145739089,0.058634942929,0.0128080814492,0.128566103698,0.00648440852143,0.0434500978135
1.8778194267610617,-0.00300605443727,0.0585553496082,0.012962103453,0.129175017791,0.0062515969243,0.043675414444
1.8858442961061945,-0.0030981595901,0.0584763096385,0.013114782636,0.12977429573,0.00602201272403,0.0438963025515
1.8938691654513271,-0.00319087216675,0.0583978239068,0.0132661132069,0.130363943241,0.0057956580618,0.0441127645968
1.9018940347964599,-0.00328417482933,0.0583198927811,0.0134160896269,0.13094396759,0.00557253433201,0.0443248036279
1.9099189041415927,-0.00337805010584,0.0582425161163,0.0135647066072,0.131514377563,0.0053526421898,0.0445324232747
1.9179437734867255,-0.00347248039328,0.0581656932605,0.0137119591069,0.132075183453,0.00513598155863,0.0447356277434
1.9259686428318581,-0.00356744796072,0.0580894230599,0.0138578423303,0.132626397039,0.00492255163786,0.0449344218114
1.9339935121769909,-0.0036629349525,0.0580137038655,0.0140023517248,0.133168031569,0.00471235091027,0.0451288108214
1.9420183815221237,-0.00375892339124,0.0579385335382,0.0141454829787,0.133700101747,0.00450537714963,0.0453188006761
1.9500432508672563,-0.00385539518104,0.057863909455,0.0142872320184,0.134222623709,0.00430162742828,0.0455043978329
1.9580681202123891,-0.00395233211052,0.0577898285147,0.0144275950066,0.134735615011,0.00410109812468,0.0456856092984
1.9660929895575219,-0.00404971585599,0.0577162871435,0.0145665683396,0.135239094609,0.00390378493094,0.0458624426226
1.9741178589026547,-0.00414752798453,0.0576432813009,0.0147041486454,0.135733082843,0.00370968286043,0.0460349058941
1.9821427282477873,-0.00424574995711,0.0575708064857,0.0148403327806,0.136217601419,0.00351878625528,0.046203007734
1.9901675975929201,-0.00434436313172,0.0574988577413,0.0149751178289,0.136692673392,0.00333108879401,0.0463667572909
1.9981924669380529,-0.00444334876643,0.057427429662,0.0151085010983,0.137158323148,0.00314658349901,0.046526164235
2.0062173362831857,-0.00454268802257,0.0573565163985,0.0152404801189,0.137614576388,0.00296526274416,0.0466812387533
2.0142422056283182,-0.0046423619678,0.0572861116638,0.0153710526404,0.13806146011,0.00278711826237,0.0468319915435
2.0222670749734513,-0.00474235157922,0.0572162087388,0.0155002166302,0.138499002591,0.00261214115313,0.0469784338088
2.0302919443185838,-0.00484263774653,0.0571468004783,0.0156279702706,0.13892723337,0.00244032189006,0.0471205772527
2.0383168136637164,-0.00494320127506,0.0570778793168,0.0157543119566,0.139346183233,0.00227165032851,0.047258434073
2.0463416830088494,-0.00504402288897,0.057009437274,0.0158792402937,0.139755884191,0.00210611571309,0.0473920169568
2.054366552353982,-0.00514508323429,0.0569414659609,0.0160027540955,0.140156369467,0.00194370668521,0.047521339075
2.0623914216991146,-0.0052463628821,0.0568739565856,0.0161248523814,0.140547673477,0.00178441129068,0.0476464140765
2.0704162910442476,-0.00534784233157,0.0568068999586,0.0162455343741,0.140929831812,0.00162821698725,0.0477672560833
2.0784411603893802,-0.00544950201313,0.0567402864993,0.0163647994975,0.141302881223,0.00147511065217,0.0478838796844
2.0864660297345128,-0.00555132229156,0.0566741062411,0.0164826473742,0.1416668596,0.00132507858973,0.0479962999309
2.0944908990796458,-0.0056532834691,0.0566083488378,0.0165990778233,0.142021805959,0.00117810653886,0.0481045323304
2.1025157684247784,-0.00575536578856,0.056543003569,0.0167140908578,0.142367760422,0.00103417968065,0.0482085928413
2.1105406377699114,-0.00585754943645,0.0564780593459,0.0168276866827,0.142704764198,0.000893282645944,0.0483084978675
2.118565507115044,-0.00595981454608,0.0564135047172,0.0169398656924,0.143032859571,0.000755399522855,0.0484042642532
2.1265903764601766,-0.00606214120066,0.056349327875,0.0170506284684,0.143352089878,0.000620513864366,0.048495909277
2.1346152458053096,-0.00616450943643,0.0562855166602,0.0171599757767,0.143662499494,0.000488608695868,0.0485834506469
2.1426401151504422,-0.00626689924578,0.0562220585687,0.0172679085662,0.143964133813,0.000359666522722,0.0486669064944
2.1506649844955747,-0.00636929058034,0.056158940757,0.0173744279656,0.144257039233,0.000233669337821,0.0487462953692
2.1586898538407078,-0.0064716633541,0.056096150048,0.0174795352813,0.144541263135,0.000110598629145,0.0488216362342
2.1667147231858404,-0.00657399744652,0.0560336729366,0.0175832319955,0.144816853872,-9.56461267896e-06,0.0488929484592
2.1747395925309734,-0.00667627270567,0.0559714955961,0.0176855197633,0.145083860743,-0.000126839886814,0.0489602518162
2.182764461876106,-0.0067784689513,0.055909603883,0.0177864004104,0.145342333985,-0.00024124717466,0.0490235664736
2.1907893312212385,-0.00688056597797,0.0558479833439,0.0178858759313,0.145592324747,-0.000352806932289,0.0490829129906
2.1988142005663716,-0.00698254355817,0.0557866192203,0.0179839484865,0.145833885081,-0.000461540082894,0.0491383123122
2.2068390699115041,-0.00708438144544,0.055725496455,0.0180806204001,0.146067067917,-0.000567468009221,0.0491897857634
2.2148639392566367,-0.00718605937743,0.0556645996979,0.0181758941578,0.14629192705,-0.000670612546016,0.0492373550438
2.2228888086017697,-0.0072875570791,0.0556039133111,0.0182697724045,0.146508517124,-0.000770995972464,0.0492810422222
2.2309136779469023,-0.00738885426574,0.0555434213756,0.0183622579419,0.14671689361,-0.000868641004631,0.0493208697312
2.2389385472920349,-0.00748993064616,0.0554831076966,0.0184533537259,0.146917112792,-0.000963570787902,0.0493568603615
2.2469634166371679,-0.00759076592575,0.0554229558092,0.0185430628647,0.147109231749,-0.00105580888943,0.0493890372568
2.2549882859823005,-0.0076913398096,0.0553629489844,0.0186313886165,0.147293308339,-0.00114537929056,0.0494174239081
2.2630131553274335,-0.00779163200564,0.0553030702348,0.0187183343866,0.147469401179,-0.00123230637929,0.0494420441484
2.2710380246725661,-0.00789162222774,0.0552433023205,0.0188039037256,0.147637569628,-0.00131661494271,0.049462922147
2.2790628940176987,-0.0079912901988,0.0551836277548,0.0188881003269,0.147797873773,-0.00139833015943,0.0494800824044
2.2870877633628317,-0.00809061565389,0.0551240288099,0.0189709280244,0.147950374408,-0.00147747759201,0.0494935497465
2.2951126327079643,-0.00818957834335,0.0550644875226,0.0190523907901,0.148095133019,-0.00155408317945,0.0495033493195
2.3031375020530969,-0.00828815803591,0.0550049857007,0.0191324927319,0.148232211765,-0.00162817322958,0.049509506584
2.3111623713982299,-0.00838633452177,0.0549455049279,0.0192112380909,0.14836167346,-0.00169977441153,0.04951204731
2.3191872407433625,-0.00848408761578,0.0548860265703,0.0192886312397,0.148483581562,-0.00176891374814,0.0495109975711
2.327212110088495,-0.00858139716048,0.0548265317818,0.0193646766794,0.148598000145,-0.00183561860845,0.0495063837394
2.3352369794336281,-0.00867824302926,0.0547670015101,0.0194393790378,0.148704993892,-0.00189991670011,0.0494982324797
2.3432618487787606,-0.00877460512944,0.0547074165021,0.0195127430668,0.14880462807,-0.0019618360618,0.0494865707441
2.3512867181238937,-0.00887046340542,0.0546477573103,0.0195847736401,0.148896968519,-0.00202140505573,0.0494714257668
2.3593115874690263,-0.00896579784176,0.0545880042981,0.0196554757507,0.148982081629,-0.00207865236001,0.0494528250585
2.3673364568141588,-0.0090605884663,0.0545281376458,0.0197248545092,0.149060034327,-0.00213360696117,0.0494307964007
2.3753613261592919,-0.00915481535327,0.0544681373563,0.0197929151405,0.149130894058,-0.00218629814652,0.0494053678408
2.3833861955044244,-0.00924845862642,0.0544079832609,0.0198596629823,0.149194728765,-0.00223675549665,0.049376567686
2.391411064849557,-0.00934149846212,0.0543476550252,0.0199251034825,0.149251606878,-0.00228500887784,0.0493444244984
2.39943593419469,-0.00943391509246,0.0542871321545,0.0199892421966,0.149301597292,-0.00233108843454,0.0493089670892
2.4074608035398226,-0.00952568880838,0.0542263940003,0.0200520847857,0.149344769349,-0.00237502458174,0.0492702245134
2.4154856728849556,-0.0096167999628,0.0541654197654,0.0201136370142,0.149381192824,-0.00241684799748,0.0492282260644
2.4235105422300882,-0.00970722897366,0.0541041885099,0.0201739047472,0.149410937907,-0.00245658961526,0.0491830012682
2.4315354115752208,-0.00979695632713,0.0540426791572,0.0202328939482,0.149434075182,-0.00249428061649,0.0491345798786
2.4395602809203538,-0.00988596258065,0.0539808704995,0.020290610677,0.149450675615,-0.00252995242293,0.049082991871
2.4475851502654864,-0.00997422836607,0.0539187412038,0.0203470610873,0.149460810534,-0.0025636366891,0.0490282674374
2.455610019610619,-0.0100617343928,0.0538562698175,0.0204022514241,0.149464551611,-0.00259536529479,0.0489704369809
2.463634888955752,-0.0101484614507,0.0537934347743,0.0204561880218,0.149461970845,-0.00262517033743,0.0489095311101
2.4716597583008846,-0.0102343904137,0.0537302144001,0.0205088773015,0.149453140548,-0.00265308412457,0.048845580634
2.4796846276460172,-0.0103195022422,0.0536665869184,0.0205603257688,0.149438133321,-0.00267913916631,0.0487786165559
2.4877094969911502,-0.010403777987,0.0536025304565,0.0206105400116,0.149417022045,-0.00270336816776,0.0487086700686
2.4957343663362828,-0.0104871987916,0.0535380230511,0.0206595266975,0.149389879856,-0.00272580402144,0.0486357725485
2.5037592356814158,-0.0105697458958,0.0534730426542,0.0207072925717,0.149356780132,-0.00274647979976,0.0485599555506
2.5117841050265484,-0.0106514006389,0.0534075671386,0.0207538444545,0.149317796476,-0.00276542874744,0.0484812508025
2.5198089743716809,-0.0107321444623,0.0533415743039,0.0207991892393,0.149273002696,-0.00278268427395,0.0483996901993
2.527833843716814,-0.0108119589132,0.0532750418826,0.0208433338897,0.149222472789,-0.00279827994598,0.0483153057982
2.5358587130619465,-0.0108908256473,0.0532079475451,0.0208862854376,0.149166280925,-0.00281224947984,0.0482281298127
2.5438835824070791,-0.0109687264321,0.0531402689061,0.0209280509809,0.149104501427,-0.00282462673392,0.0481381946075
2.5519084517522121,-0.01104564315,0.0530719835305,0.0209686376808,0.149037208757,-0.00283544570116,0.0480455326928
2.5599333210973447,-0.0111215578012,0.0530030689385,0.0210080527598,0.148964477495,-0.00284474050141,0.0479501767192
2.5679581904424778,-0.0111964525072,0.052933502612,0.0210463034993,0.148886382325,-0.00285254537398,0.0478521594718
2.5759830597876103,-0.0112703095137,0.0528632620003,0.0210833972372,0.148802998015,-0.00285889466998,0.0477515138648
2.5840079291327429,-0.0113431111935,0.0527923245255,0.0211193413656,0.148714399402,-0.00286382284483,0.0476482729366
2.5920327984778759,-0.0114148400501,0.0527206675887,0.0211541433284,0.148620661374,-0.00286736445067,0.0475424698436
2.6000576678230085,-0.0114854787204,0.0526482685757,0.0211878106191,0.148521858851,-0.0028695541288,0.0474341378553
2.6080825371681411,-0.0115550099779,0.0525751048627,0.0212203507785,0.148418066769,-0.00287042660215,0.0473233103485
2.6161074065132741,-0.011623416736,0.052501153822,0.021251771392,0.148309360063,-0.00287001666767,0.047210020802
2.6241322758584067,-0.0116906820508,0.0524263928281,0.0212820800877,0.148195813652,-0.00286835918882,0.0470943027912
2.6321571452035393,-0.0117567891247,0.0523507992631,0.0213112845341,0.148077502414,-0.002865489088,0.0469761899826
2.6401820145486723,-0.0118217213088,0.0522743505227,0.0213393924372,0.147954501179,-0.00286144133895,0.0468557161281
2.6482068838938049,-0.0118854621067,0.0521970240222,0.0213664115389,0.147826884702,-0.00285625095925,0.0467329150602
2.6562317532389379,-0.0119479951773,0.0521187972017,0.021392349614,0.147694727653,-0.00284995300273,0.0466078206856
2.6642566225840705,-0.0120093043378,0.0520396475325,0.0214172144683,0.147558104597,-0.00284258255192,0.0464804669807
2.6722814919292031,-0.0120693735671,0.0519595525225,0.0214410139364,0.147417089973,-0.00283417471046,0.0463508879855
2.6803063612743361,-0.0121281870086,0.0518784897221,0.0214637558786,0.147271758086,-0.00282476459561,0.0462191177983
2.6883312306194687,-0.0121857289737,0.05179643673,0.0214854481796,0.147122183078,-0.00281438733061,0.0460851905705
2.6963560999646012,-0.0122419839445,0.051713371199,0.0215060987454,0.146968438921,-0.00280307803719,0.0459491405009
2.7043809693097343,-0.0122969365772,0.0516292708418,0.0215257155012,0.146810599392,-0.00279087182796,0.0458110018302
2.7124058386548668,-0.012350571705,0.0515441134368,0.0215443063892,0.146648738062,-0.00277780379887,0.0456708088356
2.7204307079999994,-0.0124028743415,0.0514578768336,0.021561879366,0.146482928274,-0.00276390902168,0.0455285958257
2.7284555773451324,-0.0124538296835,0.0513705389592,0.0215784424007,0.146313243127,-0.00274922253634,0.0453843971344
2.736480446690265,-0.0125034231143,0.0512820778237,0.021594003472,0.146139755461,-0.00273377934349,0.045238247116
2.744505316035398,-0.0125516402067,0.0511924715258,0.0216085705664,0.145962537835,-0.00271761439685,0.0450901801394
2.7525301853805306,-0.0125984667264,0.0511016982589,0.0216221516754,0.145781662514,-0.00270076259573,0.0449402305829
2.7605550547256632,-0.0126438886345,0.0510097363167,0.0216347547937,0.145597201451,-0.00268325877738,0.0447884328285
2.7685799240707962,-0.0126878920914,0.050916564099,0.0216463879163,0.145409226266,-0.0026651377095,0.0446348212568
2.7766047934159288,-0.0127304634592,0.0508221601179,0.0216570590365,0.145217808236,-0.00264643408267,0.044479430241
2.7846296627610614,-0.0127715893053,0.0507265030027,0.0216667761437,0.145023018268,-0.00262718250277,0.0443222941421
2.7926545321061944,-0.0128112564053,0.0506295715066,0.0216755472205,0.144824926891,-0.00260741748342,0.0441634473028
2.800679401451327,-0.0128494517462,0.0505313445119,0.0216833802412,0.144623604232,-0.00258717343846,0.0440029240426
2.80870427079646,-0.0128861625293,0.0504318010362,0.0216902831686,0.144419120002,-0.00256648467435,0.0438407586521
2.8167291401415926,-0.0129213761736,0.0503309202376,0.0216962639524,0.14421154348,-0.00254538538261,0.0436769853873
2.8247540094867252,-0.0129550803188,0.0502286814214,0.0217013305262,0.14400094349,-0.00252390963231,0.0435116384648
2.8327788788318582,-0.0129872628283,0.0501250640447,0.0217054908059,0.14378738839,-0.00250209136245,0.0433447520557
2.8408037481769908,-0.0130179117926,0.0500200477234,0.0217087526868,0.143570946051,-0.00247996437443,0.0431763602804
2.8488286175221234,-0.0130470155319,0.0499136122372,0.0217111240413,0.143351683841,-0.00245756232451,0.0430064972032
2.8568534868672564,-0.0130745625999,0.0498057375354,0.021712612717,0.143129668608,-0.0024349187162,0.0428351968267
2.864878356212389,-0.0131005417863,0.0496964037432,0.021713226534,0.14290496666,-0.00241206689276,0.0426624930867
2.8729032255575215,-0.0131249421203,0.0495855911671,0.0217129732826,0.142677643753,-0.0023890400296,0.0424884198461
2.8809280949026546,-0.0131477528734,0.0494732803006,0.0217118607209,0.142447765067,-0.00236587112672,0.0423130108903
2.8889529642477871,-0.0131689635629,0.0493594518304,0.021709896573,0.142215395194,-0.00234259300119,0.0421362999208
2.8969778335929202,-0.0131885639546,0.0492440866416,0.0217070885258,0.14198059812,-0.00231923827955,0.0419583205505
2.9050027029380527,-0.0132065440663,0.0491271658242,0.0217034442274,0.141743437205,-0.00229583939026,0.0417791062979
2.9130275722831853,-0.0132228941706,0.0490086706783,0.0216989712845,0.141503975167,-0.00227242855616,0.0415986905818
2.9210524416283183,-0.013237604798,0.0488885827202,0.0216936772599,0.141262274066,-0.00224903778691,0.0414171067157
2.9290773109734509,-0.0132506667405,0.0487668836878,0.0216875696706,0.141018395284,-0.00222569887138,0.0412343879024
2.9371021803185835,-0.0132620710541,0.0486435555469,0.0216806559849,0.140772399511,-0.00220244337017,0.0410505672285
2.9451270496637165,-0.0132718090623,0.0485185804969,0.0216729436206,0.140524346726,-0.00217930260799,0.0408656776593
2.9531519190088491,-0.0132798723588,0.0483919409762,0.0216644399424,0.140274296178,-0.00215630766613,0.0406797520327
2.9611767883539817,-0.0132862528113,0.0482636196681,0.0216551522595,0.140022306373,-0.0021334893749,0.0404928230542
2.9692016576991147,-0.013290942564,0.0481335995072,0.0216450878234,0.13976843505,-0.00211087830605,0.0403049232916
2.9772265270442473,-0.013293934041,0.0480018636841,0.0216342538257,0.139512739173,-0.00208850476522,0.0401160851689
2.9852513963893803,-0.0132952199491,0.0478683956523,0.0216226573954,0.139255274905,-0.00206639878442,0.0399263409615
2.9932762657345129,-0.0132947932814,0.0477331791331,0.0216103055971,0.138996097593,-0.00204459011441,0.0397357227904
3.0013011350796455,-0.0132926473201,0.047596198122,0.0215972054279,0.138735261756,-0.00202310821717,0.039544262617
3.0093260044247785,-0.0132887756396,0.047457436894,0.0215833638159,0.138472821061,-0.00200198225835,0.0393519922372
3.0173508737699111,-0.0132831721098,0.04731688001,0.0215687876174,0.138208828307,-0.00198124109969,0.0391589432764
3.0253757431150436,-0.013275830899,0.0471745123218,0.0215534836144,0.137943335411,-0.00196091329148,0.0389651471839
3.0334006124601767,-0.013266746477,0.0470303189786,0.021537458513,0.137676393389,-0.00194102706499,0.0387706352273
3.0414254818053092,-0.0132559136187,0.0468842854323,0.0215207189401,0.137408052336,-0.00192161032492,0.0385754384874
3.0494503511504423,-0.0132433274064,0.0467363974436,0.0215032714419,0.137138361412,-0.00190269064183,0.0383795878523
3.0574752204955749,-0.0132289832335,0.0465866410876,0.0214851224811,0.136867368825,-0.00188429524457,0.0381831140122
3.0655000898407074,-0.0132128768076,0.0464350027596,0.0214662784348,0.136595121811,-0.00186645101276,0.037986047454
3.0735249591858405,-0.0131950041533,0.046281469181,0.0214467455918,0.136321666617,-0.0018491844692,0.0377884184556
3.081549828530973,-0.0131753616155,0.0461260274051,0.0214265301508,0.136047048487,-0.00183252177232,0.0375902570809
3.0895746978761056,-0.0131539458625,0.0459686648227,0.0214056382178,0.135771311642,-0.00181648870861,0.0373915931737
3.0975995672212386,-0.0131307538892,0.0458093691679,0.0213840758035,0.135494499261,-0.00180111068509,0.0371924563528
3.1056244365663712,-0.01310578302,0.0456481285241,0.0213618488216,0.135216653468,-0.00178641272172,0.0369928760064
3.1136493059115038,-0.0130790309121,0.0454849313297,0.0213389630859,0.134937815312,-0.00177241944385,0.0367928812865
3.1216741752566368,-0.0130504955585,0.0453197663837,0.0213154243082,0.134658024751,-0.00175915507466,0.0365925011034
3.1296990446017694,-0.0130201752912,0.0451526228519,0.0212912380959,0.13437732063,-0.00174664342763,0.0363917641207
3.1377239139469024,-0.0129880687842,0.044983490272,0.0212664099499,0.134095740674,-0.00173490789893,0.0361906987493
3.145748783292035,-0.0129541750568,0.0448123585603,0.0212409452618,0.133813321457,-0.0017239714599,0.0359893331423
3.1537736526371676,-0.0129184934764,0.0446392180166,0.021214849312,0.133530098399,-0.00171385664947,0.0357876951893
3.1617985219823006,-0.0128810237619,0.0444640593306,0.0211881272674,0.133246105736,-0.00170458556662,0.0355858125113
3.1698233913274332,-0.0128417659869,0.0442868735874,0.0211607841785,0.132961376512,-0.0016961798628,0.0353837124547
3.1778482606725658,-0.0128007205823,0.0441076522733,0.0211328249778,0.132675942556,-0.00168866073438,0.0351814220865
3.1858731300176988,-0.01275788834,0.0439263872817,0.0211042544769,0.132389834467,-0.00168204891511,0.0349789681882
3.1938979993628314,-0.0127132704155,0.0437430709188,0.0210750773646,0.132103081597,-0.00167636466852,0.034776377251
3.2019228687079644,-0.0126668683317,0.0435576959096,0.021045298204,0.131815712032,-0.0016716277804,0.0345736754698
3.209947738053097,-0.012618683981,0.0433702554031,0.021014921431,0.131527752579,-0.00166785755122,0.0343708887379
3.2179726073982295,-0.0125687196295,0.0431807429788,0.0209839513511,0.13123922874,-0.00166507278858,0.0341680426418
3.2259974767433626,-0.0125169779192,0.0429891526521,0.0209523921376,0.130950164705,-0.00166329179964,0.0339651624555
3.2340223460884951,-0.0124634618719,0.0427954788802,0.0209202478293,0.130660583328,-0.00166253238356,0.0337622731348
3.2420472154336277,-0.0124081748917,0.0425997165676,0.0208875223277,0.130370506111,-0.00166281182398,0.0335593993127
3.2500720847787608,-0.0123511207682,0.0424018610725,0.0208542193953,0.130079953187,-0.00166414688141,0.0333565652929
3.2580969541238933,-0.0122923036802,0.042201908212,0.0208203426526,0.129788943306,-0.00166655378569,0.0331537950451
3.2661218234690259,-0.0122317281978,0.041999854268,0.0207858955763,0.12949749381,-0.00167004822843,0.0329511121992
3.2741466928141589,-0.0121693992866,0.0417956959933,0.0207508814968,0.129205620624,-0.00167464535547,0.0327485400398
3.2821715621592915,-0.01210532231,0.0415894306171,0.0207153035958,0.128913338234,-0.00168035975929,0.0325461015013
3.2901964315044245,-0.0120395030326,0.0413810558509,0.0206791649039,0.128620659668,-0.00168720547147,0.0323438191615
3.2982213008495571,-0.0119719476234,0.0411705698941,0.0206424682985,0.128327596486,-0.00169519595512,0.0321417152371
3.3062461701946897,-0.0119026626588,0.04095797144,0.0206052165014,0.128034158754,-0.00170434409735,0.0319398115775
3.3142710395398227,-0.0118316551257,0.0407432596817,0.0205674120762,0.127740355034,-0.00171466220165,0.0317381296599
3.3222959088849553,-0.0117589324248,0.0405264343175,0.0205290574265,0.127446192361,-0.00172616198041,0.0315366905835
3.3303207782300879,-0.0116845023733,0.0403074955569,0.0204901547929,0.127151676229,-0.0017388545473,0.0313355150642
3.3383456475752209,-0.0116083732085,0.0400864441265,0.0204507062513,0.126856810573,-0.00175275040973,0.0311346234291
3.3463705169203535,-0.0115305535907,0.0398632812755,0.0204107137101,0.126561597751,-0.0017678594613,0.030934035611
3.3543953862654861,-0.0114510526061,0.0396380087818,0.0203701789083,0.126266038528,-0.00178419097423,0.030733771143
3.3624202556106191,-0.0113698797702,0.0394106289575,0.0203291034127,0.125970132057,-0.0018017535918,0.0305338491533
3.3704451249557517,-0.0112870450309,0.039181144655,0.0202874886157,0.125673875863,-0.00182055532081,0.0303342883591
3.3784699943008847,-0.0112025587716,0.0389495592725,0.0202453357335,0.125377265826,-0.001840603524,0.0301351070618
3.3864948636460173,-0.011116431814,0.0387158767599,0.0202026458029,0.125080296161,-0.00186190491249,0.0299363231412
3.3945197329911498,-0.0110286754216,0.0384801016245,0.0201594196795,0.124782959405,-0.00188446553824,0.0297379540503
3.4025446023362829,-0.0109393013027,0.038242238937,0.0201156580355,0.124485246396,-0.00190829078647,0.0295400168093
3.4105694716814154,-0.0108483216135,0.0380022943372,0.0200713613568,0.124187146257,-0.00193338536812,0.0293425280011
3.418594341026548,-0.0107557489611,0.0377602740396,0.0200265299412,0.123888646378,-0.00195975331227,0.0291455037646
3.426619210371681,-0.0106615964069,0.0375161848392,0.019981163896,0.123589732402,-0.00198739795862,0.0289489597906
3.4346440797168136,-0.0105658774692,0.0372700341179,0.0199352631351,0.123290388203,-0.00201632194986,0.0287529113151
3.4426689490619466,-0.010468606127,0.0370218298492,0.0198888273776,0.12299059587,-0.0020465272242,0.0285573731148
3.4506938184070792,-0.0103697968224,0.0367715806051,0.0198418561447,0.122690335694,-0.00207801500774,0.0283623595012
3.4587186877522118,-0.0102694644644,0.0365192955609,0.0197943487577,0.122389586143,-0.00211078580693,0.028167884315
3.4667435570973448,-0.0101676244315,0.036264984502,0.0197463043357,0.122088323851,-0.00214483940105,0.027973960921
3.4747684264424774,-0.0100642925749,0.0360086578286,0.019697721793,0.121786523599,-0.00218017483459,0.0277806022026
3.48279329578761,-0.00995948522184,0.0357503265623,0.0196485998371,0.121484158296,-0.00221679040974,0.0275878205562
3.490818165132743,-0.00985321917855,0.0354900023517,0.0195989369661,0.121181198964,-0.00225468367879,0.0273956278856
3.4988430344778756,-0.00974551173333,0.035227697478,0.0195487314668,0.120877614719,-0.00229385143661,0.0272040355971
3.5068679038230082,-0.00963638065975,0.0349634248607,0.0194979814116,0.120573372754,-0.00233428971306,0.0270130545934
3.5148927731681412,-0.00952584421971,0.034697198064,0.0194466846569,0.120268438323,-0.00237599376546,0.0268226952685
3.5229176425132738,-0.00941392116659,0.0344290313018,0.0193948388405,0.119962774721,-0.00241895807101,0.0266329675023
3.5309425118584068,-0.00930063074832,0.0341589394439,0.0193424413791,0.119656343271,-0.00246317631922,0.026443880655
3.5389673812035394,-0.00918599271052,0.0338869380219,0.0192894894664,0.119349103302,-0.00250864140438,0.0262554435615
3.546992250548672,-0.00907002729961,0.0336130432347,0.0192359800701,0.119041012133,-0.002555345418,0.0260676645265
3.555017119893805,-0.00895275526592,0.0333372719545,0.0191819099304,0.118732025059,-0.00260327964123,0.0258805513183
3.5630419892389376,-0.0088341978668,0.0330596417322,0.0191272755569,0.11842209533,-0.00265243453729,0.0256941111639
3.5710668585840701,-0.00871437686972,0.0327801708039,0.0190720732267,0.118111174135,-0.00270279974396,0.0255083507433
3.5790917279292032,-0.00859331455541,0.032498878096,0.0190162989821,0.117799210583,-0.00275436406599,0.0253232761842
3.5871165972743357,-0.00847103372097,0.0322157832314,0.0189599486281,0.11748615169,-0.00280711546752,0.0251388930565
3.5951414666194683,-0.00834755768293,0.0319309065349,0.0189030177298,0.117171942356,-0.00286104106458,0.0249552063666
3.6031663359646013,-0.00822291028045,0.0316442690394,0.0188455016109,0.116856525352,-0.00291612711745,0.0247722205523
3.6111912053097339,-0.00809711587834,0.0313558924916,0.0187873953504,0.116539841302,-0.00297235902319,0.0245899394773
3.6192160746548669,-0.00797019937026,0.0310657993575,0.0187286937809,0.116221828665,-0.00302972130802,0.0244083664255
3.6272409439999995,-0.00784218618176,0.0307740128284,0.0186693914862,0.115902423715,-0.00308819761977,0.0242275040956
3.6352658133451321,-0.00771310227342,0.0304805568269,0.0186094827985,0.115581560529,-0.00314777072034,0.0240473545961
3.6432906826902651,-0.007582974144,0.0301854560122,0.0185489617967,0.115259170967,-0.00320842247813,0.0238679194392
3.6513155520353977,-0.00745182883346,0.0298887357862,0.0184878223038,0.114935184653,-0.00327013386048,0.0236891995357
3.6593404213805303,-0.00731969392619,0.0295904222993,0.0184260578844,0.114609528961,-0.00333288492611,0.0235111951894
3.6673652907256633,-0.00718659755401,0.0292905424561,0.0183636618426,0.114282128995,-0.00339665481757,0.023333906092
3.6753901600707959,-0.00705256839936,0.028989123921,0.0183006272195,0.113952907574,-0.00346142175368,0.0231573313171
3.6834150294159289,-0.00691763569839,0.0286861951246,0.0182369467912,0.113621785212,-0.00352716302194,0.0229814693152
3.6914398987610615,-0.00678182924404,0.0283817852687,0.018172613066,0.113288680104,-0.00359385497102,0.022806317908
3.6994647681061941,-0.00664517938922,0.0280759243326,0.0181076182823,0.112953508106,-0.00366147300317,0.022631874283
3.7074896374513271,-0.00650771704986,0.0277686430787,0.0180419544064,0.112616182717,-0.00372999156668,0.0224581349881
3.7155145067964597,-0.00636947370803,0.0274599730584,0.01797561313,0.112276615066,-0.00379938414829,0.0222850959261
3.7235393761415922,-0.00623048141511,0.0271499466177,0.0179085858677,0.11193471389,-0.00386962326567,0.0221127523494
3.7315642454867253,-0.00609077279481,0.0268385969034,0.0178408637552,0.11159038552,-0.00394068045983,0.0219410988541
3.7395891148318579,-0.00595038104638,0.0265259578681,0.0177724376464,0.111243533862,-0.00401252628757,0.0217701293751
3.7476139841769904,-0.00580933994763,0.026212064277,0.0177032981114,0.110894060378,-0.00408513031393,0.0215998371804
3.7556388535221235,-0.00566768385813,0.0258969517127,0.017633435434,0.110541864073,-0.00415846110463,0.0214302148656
3.763663722867256,-0.00552544772224,0.0255806565818,0.0175628396095,0.110186841475,-0.00423248621851,0.0212612543483
3.7716885922123891,-0.00538266707229,0.0252632161201,0.0174915003423,0.109828886618,-0.00430717219994,0.0210929468632
3.7797134615575216,-0.00523937803165,0.0249446683988,0.0174194070437,0.109467891024,-0.00438248457131,0.020925282956
3.7877383309026542,-0.00509561731786,0.02462505233,0.0173465488291,0.109103743687,-0.00445838782546,0.0207582524785
3.7957632002477872,-0.00495142224574,0.0243044076726,0.0172729145165,0.108736331057,-0.00453484541808,0.0205918445826
3.8037880695929198,-0.0048068307305,0.0239827750381,0.0171984926232,0.108365537016,-0.0046118197602,0.0204260477152
3.8118129389380524,-0.00466188129085,0.0236601958964,0.0171232713644,0.107991242871,-0.00468927221061,0.0202608496129
3.8198378082831854,-0.00451661305211,0.0233367125814,0.01704723865,0.107613327329,-0.0047671630683,0.0200962372961
3.827862677628318,-0.00437106574935,0.0230123682971,0.0169703820829,0.107231666479,-0.00484545156491,0.0199321970639
3.835887546973451,-0.00422527973046,0.0226872071233,0.0168926889567,0.106846133784,-0.00492409585716,0.0197687144883
3.8439124163185836,-0.00407929595928,0.022361274021,0.0168141462526,0.10645660005,-0.00500305301929,0.0196057744092
3.8519372856637162,-0.00393315601874,0.0220346148388,0.0167347406379,0.106062933423,-0.00508227903552,0.0194433609287
3.8599621550088492,-0.00378690211392,0.0217072763183,0.0166544584635,0.105664999359,-0.00516172879248,0.0192814574055
3.8679870243539818,-0.0036405770752,0.0213793060998,0.0165732857611,0.105262660615,-0.00524135607163,0.0191200464497
3.8760118936991144,-0.00349422436137,0.0210507527285,0.0164912082415,0.10485577723,-0.00532111354175,0.0189591099172
3.8840367630442474,-0.00334788806272,0.02072166566,0.0164082112917,0.104444206504,-0.00540095275131,0.0187986289044
3.89206163238938,-0.00320161290417,0.0203920952659,0.016324279973,0.104027802986,-0.00548082412099,0.0186385837427
3.9000865017345125,-0.00305544424839,0.02006209284,0.0162393990185,0.103606418452,-0.00556067693608,0.0184789539927
3.9081113710796456,-0.00290942809888,0.019731710604,0.0161535528307,0.103179901891,-0.00564045933889,0.0183197184393
3.9161362404247781,-0.00276361110314,0.0194010017129,0.0160667254793,0.102748099488,-0.00572011832127,0.0181608550859
3.9241611097699112,-0.0026180405557,0.0190700202614,0.0159789006988,0.102310854601,-0.00579959971698,0.0180023411491
3.9321859791150438,-0.00247276440131,0.0187388212891,0.0158900618861,0.101868007753,-0.00587884819416,0.0178441530531
3.9402108484601763,-0.00232783123801,0.0184074607868,0.0158001920985,0.101419396605,-0.00595780724778,0.0176862664243
3.9482357178053094,-0.00218329032026,0.0180759957016,0.0157092740507,0.100964855946,-0.00603641919205,0.017528656086
3.9562605871504419,-0.00203919156203,0.0177444839436,0.0156172901132,0.100504217673,-0.00611462515291,0.0173712960528
3.9642854564955745,-0.00189558553994,0.0174129843909,0.0155242223097,0.100037310772,-0.0061923650604,0.0172141595249
3.9723103258407075,-0.00175252349637,0.0170815568959,0.0154300523143,0.0995639613029,-0.00626957764119,0.0170572188834
3.9803351951858401,-0.00161005734253,0.0167502622907,0.0153347614501,0.099083992383,-0.00634620041094,0.0169004456839
3.9883600645309727,-0.00146823966163,0.016419162393,0.015238330686,0.0985972241669,-0.00642216966679,0.0167438106519
3.9963849338761057,-0.00132712371197,0.0160883200123,0.0151407406349,0.0981034738308,-0.00649742047978,0.0165872836766
4.0044098032212387,-0.00118676343003,0.015757798955,0.0150419715512,0.0976025555555,-0.00657188668729,0.016430833806
4.0124346725663713,-0.00104721343362,0.0154276640307,0.0149420033282,0.097094280508,-0.0066455008855,0.0162744292413
4.0204595419115039,-0.000908529024962,0.0150979810576,0.0148408154965,0.0965784568252,-0.00671819442181,0.0161180373312
4.0284844112566365,-0.000770766193815,0.0147688168688,0.0147383872207,0.0960548895961,-0.00678989738731,0.0159616245669
4.0365092806017691,-0.000633981620592,0.0144402393176,0.0146346972979,0.0955233808443,-0.00686053860916,0.0158051565761
4.0445341499469025,-0.000498232679464,0.0141123172833,0.0145297241548,0.0949837295113,-0.00693004564312,0.0156485981181
4.0525590192920351,-0.000363577441477,0.0137851206775,0.014423445846,0.0944357314387,-0.00699834476591,0.015491913078
4.0605838886371677,-0.00023007467766,0.0134587204494,0.0143158400507,0.0938791793509,-0.00706536096769,0.0153350644612
4.0686087579823003,-9.77838621423e-05,0.0131331885917,0.0142068840714,0.0933138628381,-0.0071310179445,0.0151780143882
4.0766336273274328,3.3234824738e-05,0.0128085981463,0.014096554831,0.0927395683388,-0.0071952380907,0.0150207240891
4.0846584966725654,0.000162920493319,0.0124850232103,0.0139848288703,0.0921560791223,-0.0072579424914,0.014863153898
4.0926833660176989,0.000291211541506,0.0121625389419,0.0138716823464,0.0915631752719,-0.00731905091491,0.0147052632474
4.1007082353628315,0.000418045651654,0.0118412215656,0.0137570910296,0.090960633667,-0.00737848180517,0.0145470106634
4.108733104707964,0.000543359787461,0.0115211483785,0.0136410303013,0.0903482279662,-0.00743615227421,0.0143883537595
4.1167579740530966,0.000667090190852,0.0112023977561,0.0135234751522,0.0897257285899,-0.00749197809459,0.0142292492315
4.1247828433982292,0.000789172378866,0.0108850491577,0.013404400179,0.0890929027029,-0.00754587369181,0.0140696528522
4.1328077127433627,0.00090954114055,0.0105691831325,0.0132837795829,0.0884495141972,-0.0075977521368,0.0139095194654
4.1408325820884953,0.00102813053384,0.0102548813253,0.0131615871668,0.0877953236744,-0.0076475251383,0.0137488029811
4.1488574514336278,0.00114487388244,0.00994222648245,0.0130377963333,0.0871300884289,-0.00769510303537,0.0135874563698
4.1568823207787604,0.00125970377274,0.00963130245717,0.012912380082,0.0864535624303,-0.00774039478978,0.0134254316566
4.164907190123893,0.00137255205068,0.00932219421584,0.0127853110074,0.0857654963059,-0.00778330797845,0.0132626799166
4.1729320594690256,0.00148334981862,0.00901498784354,0.0126565612966,0.0850656373236,-0.00782374878594,0.0130991512686
4.180956928814159,0.00159202743228,0.00870977054989,0.0125261027269,0.084353729375,-0.00786162199685,0.0129347948704
4.1889817981592916,0.00169851449757,0.00840663067481,0.0123939066634,0.083629512957,-0.00789683098826,0.0127695589127
4.1970066675044242,0.00180273986752,0.00810565769434,0.0122599440568,0.0828927251558,-0.00792927772218,0.0126033906141
4.2050315368495568,0.00190463163916,0.00780694222641,0.0121241854408,0.0821430996285,-0.00795886273801,0.0124362362153
4.2130564061946894,0.00200411715038,0.00751057603663,0.0119866009303,0.0813803665865,-0.00798548514494,0.012268040974
4.2210812755398228,0.00210112297685,0.00721665204406,0.0118471602185,0.0806042527778,-0.00800904261444,0.0120987491593
4.2291061448849554,0.00219557492889,0.00692526432703,0.0117058325748,0.07981448147,-0.00802943137265,0.0119283040459
4.237131014230088,0.00228739804837,0.0066365081289,0.0115625868427,0.0790107724325,-0.00804654619288,0.0117566479094
4.2451558835752206,0.00237651660559,0.00635047986383,0.0114173914369,0.0781928419198,-0.00806028038797,0.0115837220201
4.2531807529203531,0.00246285409615,0.00606727712263,0.0112702143416,0.0773604026538,-0.00807052580282,0.0114094666379
4.2612056222654857,0.00254633323788,0.00578699867848,0.0111210231078,0.0765131638065,-0.00807717280678,0.011233821007
4.2692304916106192,0.0026268759677,0.00550974449273,0.010969784851,0.0756508309829,-0.00808011028608,0.01105672335
4.2772553609557518,0.0027044034385,0.00523561572072,0.0108164662488,0.0747731062034,-0.00807922563631,0.0108781108628
4.2852802303008843,0.00277883601604,0.00496471471755,0.0106610335391,0.0738796878869,-0.00807440475485,0.0106979197092
4.2933050996460169,0.00285009327584,0.00469714504382,0.0105034525168,0.0729702708331,-0.00806553203328,0.010516085015
4.3013299689911495,0.00291809400008,0.0044330114715,0.0103436885324,0.0720445462052,-0.00805249034987,0.0103325408631
4.309354838336283,0.00298275617445,0.00417241998965,0.0101817064892,0.071102201513,-0.00803516106197,0.0101472202876
4.3173797076814155,0.00304399698507,0.00391547781024,0.0100174708411,0.070142920595,-0.0080134239985,0.00996005526859
4.3254045770265481,0.00310173281536,0.00366229337391,0.00985094559001,0.0691663836018,-0.00798715745235,0.00977097672676
4.3334294463716807,0.00315587924295,0.00341297635578,0.00968209428399,0.0681722669781,-0.00795623817286,0.00957991451769
4.3414543157168133,0.00320635103652,0.00316763767123,0.00951088001455,0.0671602434458,-0.00792054135821,0.00938679742658
4.3494791850619468,0.00325306215277,0.00292638948168,0.00933726541444,0.0661299819864,-0.00787994064791,0.00919155316273
4.3575040544070793,0.00329592573322,0.00268934520039,0.00916121265531,0.0650811478241,-0.00783430811522,0.00899410835413
4.3655289237522119,0.00333485410114,0.00245661949821,0.00898268344536,0.0640134024082,-0.0077835142596,0.00879438854199
4.3735537930973445,0.00336975875845,0.00222832830942,0.00880163902707,0.0629264033958,-0.00772742799913,0.00859231817527
4.3815786624424771,0.00340055038258,0.00200458883748,0.00861804017479,0.0618198046344,-0.00766591666296,0.00838782060525
4.3896035317876096,0.00342713882336,0.00178551956081,0.00843184719244,0.0606932561451,-0.00759884598379,0.00818081808004
4.3976284011327431,0.00344943309993,0.00157124023862,0.0082430199112,0.0595464041044,-0.00752608009023,0.00797123173919
4.4056532704778757,0.00346734139762,0.00136187191665,0.00805151768715,0.058378890828,-0.00744748149932,0.00775898160817
4.4136781398230083,0.00348077106482,0.00115753693296,0.00785729939894,0.0571903547524,-0.00736291110893,0.00754398659297
4.4217030091681409,0.00348962860987,0.000958358923759,0.00766032344548,0.0559804304183,-0.00727222819022,0.00732616447461
4.4297278785132734,0.00349381969797,0.000764462829144,0.00746054774358,0.054748748453,-0.00717529038004,0.00710543190371
4.4377527478584069,0.00349324914806,0.000575974898907,0.00725792972563,0.0534949355534,-0.00707195367344,0.006881704395
4.4457776172035395,0.0034878209297,0.000393022698321,0.0070524263373,0.0522186144681,-0.00696207241606,0.00665489632195
4.4538024865486721,0.00347743815994,0.000215735113923,0.00684399403514,0.0509194039807,-0.00684549929656,0.0064249209112
4.4618273558938046,0.00346200310025,4.42423592985e-05,0.00663258878432,0.0495969188921,-0.00672208533913,0.00619169023721
4.4698522252389372,0.00344141715337,-0.000121324019126,0.00641816605623,0.0482507700035,-0.00659167989584,0.00595511521675
4.4778770945840698,0.00341558086024,-0.000280831136303,0.00620068082623,0.0468805640987,-0.00645413063917,0.00571510560347
4.4859019639292033,0.00338439389683,-0.000434144762774,0.00598008757122,0.0454859039271,-0.00630928355437,0.00547156998243
4.4939268332743358,0.00334775507107,-0.000581129318886,0.0057563402674,0.0440663881865,-0.00615698293197,0.00522441576467
4.5019517026194684,0.00330556231972,-0.000721647869002,0.00552939238789,0.0426216115051,-0.00599707136016,0.00497354918172
4.509976571964601,0.00325771270528,-0.000855562115718,0.00529919690039,0.0411511644253,-0.0058293897173,0.0047188752802
4.5180014413097336,0.00320410241285,-0.000982732394075,0.00506570626489,0.0396546333852,-0.00565377716428,0.00446029791631
4.526026310654867,0.00314462674703,-0.00110301766577,0.00482887243129,0.0381316007022,-0.00547007113704,0.00419771975043
4.5340511799999996,0.0030791801288,-0.00121627551338,0.00458864683712,0.0365816445553,-0.00527810733895,0.00393104224161
